number_of_points,result_in_points,final_area,exec_time,number_of_thread,machine_label
100000, 78479, 3.1391600000, 0.00152, 1, Laptop 
100000, 78340, 3.1336000000, 0.00122, 2, Laptop 
100000, 78358, 3.1343200000, 0.00146, 3, Laptop 
100000, 78473, 3.1389200000, 0.00134, 4, Laptop 
100000, 78538, 3.1415200000, 0.00117, 5, Laptop 
100000, 78580, 3.1432000000, 0.00127, 6, Laptop 
100000, 78661, 3.1464400000, 0.00098, 7, Laptop 
100000, 78660, 3.1464000000, 0.00158, 8, Laptop 
100000, 78575, 3.1430000000, 0.00396, 9, Laptop 
100000, 78494, 3.1397600000, 0.00702, 10, Laptop 
100000, 78501, 3.1400400000, 0.00074, 11, Laptop 
100000, 78599, 3.1439600000, 0.00697, 12, Laptop 
100000, 78556, 3.1422400000, 0.00770, 13, Laptop 
100000, 78553, 3.1421200000, 0.01312, 14, Laptop 
100000, 78562, 3.1424800000, 0.00291, 15, Laptop 
100000, 78626, 3.1450400000, 0.00138, 16, Laptop 
1000000, 785063, 3.1402520000, 0.00674, 1, Laptop 
1000000, 784719, 3.1388760000, 0.00581, 2, Laptop 
1000000, 784548, 3.1381920000, 0.00433, 3, Laptop 
1000000, 784900, 3.1396000000, 0.00519, 4, Laptop 
1000000, 785084, 3.1403360000, 0.00542, 5, Laptop 
1000000, 784790, 3.1391600000, 0.00468, 6, Laptop 
1000000, 785121, 3.1404840000, 0.00643, 7, Laptop 
1000000, 785253, 3.1410120000, 0.00872, 8, Laptop 
1000000, 785394, 3.1415760000, 0.01138, 9, Laptop 
1000000, 784934, 3.1397360000, 0.00834, 10, Laptop 
1000000, 784931, 3.1397240000, 0.00718, 11, Laptop 
1000000, 785037, 3.1401480000, 0.00799, 12, Laptop 
1000000, 784902, 3.1396080000, 0.00719, 13, Laptop 
1000000, 784990, 3.1399600000, 0.01644, 14, Laptop 
1000000, 785079, 3.1403160000, 0.00359, 15, Laptop 
1000000, 785202, 3.1408080000, 0.00385, 16, Laptop 
10000000, 7852607, 3.1410428000, 0.07164, 1, Laptop 
10000000, 7852291, 3.1409164000, 0.04336, 2, Laptop 
10000000, 7852443, 3.1409772000, 0.03875, 3, Laptop 
10000000, 7852763, 3.1411052000, 0.02874, 4, Laptop 
10000000, 7852804, 3.1411216000, 0.03153, 5, Laptop 
10000000, 7852930, 3.1411720000, 0.02395, 6, Laptop 
10000000, 7852125, 3.1408500000, 0.02417, 7, Laptop 
10000000, 7851227, 3.1404908000, 0.02573, 8, Laptop 
10000000, 7852062, 3.1408248000, 0.02637, 9, Laptop 
10000000, 7852204, 3.1408816000, 0.02477, 10, Laptop 
10000000, 7852489, 3.1409956000, 0.01940, 11, Laptop 
10000000, 7852916, 3.1411664000, 0.02584, 12, Laptop 
10000000, 7853954, 3.1415816000, 0.02178, 13, Laptop 
10000000, 7855047, 3.1420188000, 0.02005, 14, Laptop 
10000000, 7854542, 3.1418168000, 0.01679, 15, Laptop 
10000000, 7853920, 3.1415680000, 0.01422, 16, Laptop 
100000000, 78540949, 3.1416379600, 0.73591, 1, Laptop 
100000000, 78541468, 3.1416587200, 0.56019, 2, Laptop 
100000000, 78539816, 3.1415926400, 0.42717, 3, Laptop 
100000000, 78536667, 3.1414666800, 0.36113, 4, Laptop 
100000000, 78540748, 3.1416299200, 0.27621, 5, Laptop 
100000000, 78539043, 3.1415617200, 0.24884, 6, Laptop 
100000000, 78536852, 3.1414740800, 0.23825, 7, Laptop 
100000000, 78535525, 3.1414210000, 0.26859, 8, Laptop 
100000000, 78534828, 3.1413931200, 0.24473, 9, Laptop 
100000000, 78530792, 3.1412316800, 0.25887, 10, Laptop 
100000000, 78531371, 3.1412548400, 0.66560, 11, Laptop 
100000000, 78532673, 3.1413069200, 0.57085, 12, Laptop 
100000000, 78531873, 3.1412749200, 0.40254, 13, Laptop 
100000000, 78530979, 3.1412391600, 0.35584, 14, Laptop 
100000000, 78534733, 3.1413893200, 0.29762, 15, Laptop 
100000000, 78533819, 3.1413527600, 0.28953, 16, Laptop 
1000000000, 785398566, 3.1415942640, 7.23235, 1, Laptop 
1000000000, 785400579, 3.1416023160, 4.72261, 2, Laptop 
1000000000, 785397192, 3.1415887680, 5.12339, 3, Laptop 
1000000000, 785402553, 3.1416102120, 5.10183, 4, Laptop 
1000000000, 785395588, 3.1415823520, 5.28335, 5, Laptop 
1000000000, 785403829, 3.1416153160, 3.96316, 6, Laptop 
1000000000, 785400352, 3.1416014080, 4.88031, 7, Laptop 
1000000000, 785398441, 3.1415937640, 4.66723, 8, Laptop 
1000000000, 785389110, 3.1415564400, 4.57775, 9, Laptop 
1000000000, 785390838, 3.1415633520, 2.99037, 10, Laptop 
1000000000, 785388196, 3.1415527840, 4.80711, 11, Laptop 
1000000000, 785394437, 3.1415777480, 4.03344, 12, Laptop 
1000000000, 785391605, 3.1415664200, 2.73221, 13, Laptop 
1000000000, 785399077, 3.1415963080, 4.38852, 14, Laptop 
1000000000, 785397392, 3.1415895680, 2.72213, 15, Laptop 
1000000000, 785392131, 3.1415685240, 2.39086, 16, Laptop 
10000000000, 7853969971, 3.1415879884, 73.36756, 1, Laptop 
10000000000, 7853972249, 3.1415888996, 45.40231, 2, Laptop 
10000000000, 7853963230, 3.1415852920, 50.63296, 3, Laptop 
10000000000, 7853963070, 3.1415852280, 43.41306, 4, Laptop 
10000000000, 7853968239, 3.1415872956, 45.02522, 5, Laptop 
10000000000, 7853971843, 3.1415887372, 41.24303, 6, Laptop 
10000000000, 7853967607, 3.1415870428, 31.08318, 7, Laptop 
10000000000, 7853974409, 3.1415897636, 33.94153, 8, Laptop 
10000000000, 7853979340, 3.1415917360, 30.68224, 9, Laptop 
10000000000, 7853980397, 3.1415921588, 28.83131, 10, Laptop 
10000000000, 7853968473, 3.1415873892, 28.03171, 11, Laptop 
10000000000, 7853972752, 3.1415891008, 31.04667, 12, Laptop 
10000000000, 7853976442, 3.1415905768, 30.75371, 13, Laptop 
10000000000, 7853980559, 3.1415922236, 28.49643, 14, Laptop 
10000000000, 7853963502, 3.1415854008, 28.91951, 15, Laptop 
10000000000, 7853967942, 3.1415871768, 29.03992, 16, Laptop 
